race,runner,odds,result,tier
Canberra R1,#1 Turf Luck,W2.30 / P1.45,WON,
Canberra R2,#2 Slater's Boy,W8.00 / P3.20,4,
Canberra R3,#3 Barefootinthesnow,W3.40 / P1.85,6,
Canberra R4,#3 Ring Of Fire,W5.50 / P1.85,2,
Canberra R5,#2 Zonkstar,W1.70 / P1.13,WON,
Canberra R6,#5 Cando Attitude,W4.00 / P1.40,5,
Canberra R7,#8 Inchyra,W31.00 / P4.00,10,
Cloncurry R1,#7 It's A Power,W2.60 / P1.45,3,
Cloncurry R2,#6 Cryptology,W7.50 / P2.45,7,
Cloncurry R3,#5 Ichiberu,W3.90 / P2.05,4,
Cloncurry R4,#2 A Bar In Paris,W4.60 / P1.62,3,
Cloncurry R5,#3 Dollars,W3.30 / P1.75,3,
Cloncurry R6,#6 Holy Holy Holy,W3.20 / P1.45,5,
Cloncurry R7,#8 Groove Jet,W6.00 / P1.80,7,
Cloncurry R8,#1 Heathcliff,W5.00 / P1.75,7,
Launceston R1,#5 Timely Needs,W4.40 / P1.60,WON,
Launceston R2,#7 Effrontery,W9.00 / P2.40,10,
Launceston R3,#4 Stollaway Ned,W4.80 / P1.65,2,
Launceston R4,#4 Course Of Action,W10.00 / P2.30,4,
Launceston R5,#4 Who's In Dev,W3.90 / P2.10,5,
Launceston R6,#1 Simply Deep,W2.05 / P1.30,5,
Launceston R7,#2 Merlin Beach,W2.25 / P1.35,5,
Launceston R8,#2 Alpine Fury,W1.20 / P0.00,3,Bronze
Port Macquarie R1,#1 Colorado Tycoon,W81.00 / P8.50,10,
Port Macquarie R2,#1 Fratianno,W7.00 / P2.15,4,
Port Macquarie R3,#2 Langlo Crossing,W21.00 / P4.20,3,
Port Macquarie R4,#1 King Potter,W7.00 / P2.15,2,
Port Macquarie R5,#1 Ex Wife,W4.50 / P1.90,6,
Port Macquarie R6,#2 Mogul Monarch,W4.50 / P1.80,7,
Port Macquarie R7,#4 Cavalry Man,W4.40 / P1.65,WON,
Port Macquarie R8,#13 Xtreme,W1.95 / P1.16,WON,
Southside Cranbourne R1,#8 Cab Franc,W3.20 / P1.30,3,
Southside Cranbourne R2,#12 She's Loaded,W9.50 / P1.95,2,
Southside Cranbourne R3,#2 Qubella,W3.60 / P1.45,3,
Southside Cranbourne R4,#3 Julius Maximus,W9.50 / P2.05,3,
Southside Cranbourne R5,#3 Presscode,W3.50 / P1.45,2,
Southside Cranbourne R6,#5 Cushioned,W4.60 / P1.85,4,
Southside Cranbourne R7,#1 Ndola,W7.50 / P2.40,WON,
Southside Cranbourne R8,#4 Pariah Pearl,W7.00 / P2.05,4,
Southside Cranbourne R9,#9 Aradeo,W2.15 / P1.26,WON,
Sportsbet-Ballarat R1,#6 Raghnall,W2.35 / P1.28,5,
Sportsbet-Ballarat R2,#6 Zovozo,W5.50 / P2.05,6,
Sportsbet-Ballarat R3,#6 Explosive Magic,W10.00 / P2.80,3,
Sportsbet-Ballarat R4,#2 Real Heir,W9.00 / P2.05,2,
Sportsbet-Ballarat R5,#4 Koko,W3.60 / P1.50,4,
Sportsbet-Ballarat R6,#9 Dirty Diana,W4.20 / P1.60,WON,
Sportsbet-Ballarat R7,#13 Frosted In Time,W5.00 / P2.00,3,
Sportsbet-Ballarat R8,#3 Kakkoii,W13.00 / P3.20,7,
Sportsbet-Ballarat R9,#2 Big Rooster,W10.00 / P3.10,WON,
Sportsbet-Ballarat R10,#1 Falls Of Acharn,W13.00 / P3.20,3,
Sunshine Coast R1,#7 Buttercup,W1.60 / P1.08,2,
Sunshine Coast R2,#2 Prochester,W1.60 / P1.09,WON,
Sunshine Coast R3,#3 Rainbow Charlie,W18.00 / P3.30,3,
Sunshine Coast R5,#6 Galpin,W9.00 / P2.45,2,
Sunshine Coast R6,#1 Old Faithful,W3.80 / P1.60,4,
Sunshine Coast R7,#8 Crackenthorpe,W9.00 / P2.38,7,
Sunshine Coast R8,#2 Caishen,W2.90 / P1.60,2,
