race,runner,odds,result,conviction
Hawkesbury R1,#1 Devil Wings,W2.30 / P1.24,WON,
Hawkesbury R2,#5 Excels,W4.40 / P1.55,4,
Hawkesbury R3,#5 Van Hoven,W1.55 / P1.07,2,
Hawkesbury R4,#4 Ouragan,W5.00 / P1.80,2,
Hawkesbury R5,#9 Revolina,W2.00 / P1.16,WON,
Hawkesbury R6,#9 Alabama Showdown,W18.00 / P2.50,2,
Hawkesbury R7,#1 Brave Xena,W1.85 / P1.14,2,
Ipswich R1,#2 Cryption's Desire,W4.40 / P2.10,2,
Ipswich R2,#2 Sizzleist,W2.50 / P1.16,3,
Ipswich R3,#8 Zoubuca Shots,W8.00 / P2.15,5,
Ipswich R4,#10 Piertaga,W5.00 / P1.75,3,
Ipswich R5,#3 Impendor,W4.00 / P1.60,2,
Ipswich R6,#1 Lady Tangalooma,W7.50 / P2.10,8,
Ipswich R7,#1 Elnajeeb,W3.10 / P1.40,7,
Orange R1,#3 Inspiritu,W2.50 / P1.24,2,
Orange R2,#2 Macaroon,W2.20 / P1.22,WON,
Orange R3,#4 Kennedy Compound,W7.00 / P2.20,WON,
Orange R4,#5 Minister Garrett,W23.00 / P3.75,,
Orange R5,#1 Nomorenightshift,W3.80 / P1.95,7,
Orange R6,#4 Patrika Express,W1.28 / P1.05,2,
Orange R7,#4 Written Story,W3.60 / P1.55,7,
York R1,#6 Kingsley Town,W7.50 / P2.10,5,
York R2,#3 Space Academy,W7.00 / P2.00,3,
York R3,#4 Money Manziel,W6.50 / P2.20,4,
York R4,#1 Bonny Rock,W14.00 / P3.10,2,
York R5,#2 Spanish Armada,W2.05 / P1.20,WON,
York R6,#5 Mantua,W9.50 / P2.25,3,
York R7,#3 Beejay Boy,W7.50 / P2.50,4,
bet365 Park Kyneton R1,#14 Meness,W1.40 / P1.06,2,
bet365 Park Kyneton R2,#2 Prestige Fantastic,W5.50 / P1.90,5,
bet365 Park Kyneton R4,#3 Brutelli,W5.50 / P1.65,2,
bet365 Park Kyneton R6,#3 Chambers Bay,W19.00 / P4.40,5,
bet365 Park Kyneton R7,#4 Hellberg,W7.00 / P2.35,4,
bet365 Park Kyneton R8,#7 Brutalrule,W4.20 / P1.60,7,
bet365 Park Kyneton R9,#4 Blue Moon Summit,W16.00 / P3.80,6,
